date,pm25,T2M,RH2M,WS2M,pm25_lag_1,pm25_lag_7,month,smog_season
2022-01-08,97.79166666666667,13.58,87.86,3.15,117.375,309.1666666666667,1,1
2022-01-09,98.125,11.25,82.62,1.15,97.79166666666667,301.625,1,1
2022-01-10,218.375,10.94,74.28,0.94,98.125,180.79166666666666,1,1
2022-01-11,162.5,9.84,76.73,1.38,218.375,124.25,1,1
2022-01-12,371.0,11.16,67.58,0.99,162.5,88.625,1,1
2022-01-13,197.5,12.33,64.34,0.74,371.0,160.54166666666666,1,1
2022-01-14,263.3333333333333,11.64,69.79,1.2,197.5,117.375,1,1
2022-01-15,305.5416666666667,11.94,64.38,1.07,263.3333333333333,97.79166666666667,1,1
2022-01-16,282.6666666666667,12.37,56.78,1.25,305.5416666666667,98.125,1,1
2022-01-17,356.5833333333333,10.89,61.36,1.09,282.6666666666667,218.375,1,1
2022-01-18,328.0416666666667,11.9,66.65,1.36,356.5833333333333,162.5,1,1
2022-01-19,270.5,11.68,81.48,0.96,328.0416666666667,371.0,1,1
2022-01-20,185.5,12.25,80.64,1.22,270.5,197.5,1,1
2022-01-21,115.83333333333333,12.73,72.3,0.98,185.5,263.3333333333333,1,1
2022-01-22,118.125,11.13,87.63,2.51,115.83333333333333,305.5416666666667,1,1
2022-01-23,86.875,11.6,91.09,0.98,118.125,282.6666666666667,1,1
2022-01-24,167.29166666666666,10.96,85.36,1.17,86.875,356.5833333333333,1,1
2022-01-25,147.95833333333334,10.41,79.71,1.39,167.29166666666666,328.0416666666667,1,1
2022-01-26,267.5833333333333,10.48,70.35,1.26,147.95833333333334,270.5,1,1
2022-01-28,174.0,10.71,60.35,1.57,267.5833333333333,185.5,1,1
2022-01-29,236.125,12.26,56.16,1.09,174.0,115.83333333333333,1,1
2022-01-30,188.79166666666666,11.95,66.21,1.76,236.125,118.125,1,1
2022-01-31,255.0,14.24,59.64,1.11,188.79166666666666,86.875,1,1
2022-02-01,321.8181818181818,13.15,65.28,1.25,255.0,167.29166666666666,2,1
2022-02-02,160.27272727272728,12.97,65.95,1.2,321.8181818181818,147.95833333333334,2,1
2022-02-03,133.45833333333334,11.34,85.95,1.38,160.27272727272728,267.5833333333333,2,1
2022-02-04,225.27272727272728,11.04,79.47,0.87,133.45833333333334,174.0,2,1
2022-02-05,203.75,12.25,65.66,0.92,225.27272727272728,236.125,2,1
2022-02-06,170.26315789473685,13.09,58.08,1.1,203.75,188.79166666666666,2,1
2022-02-07,151.20833333333334,13.51,65.9,1.02,170.26315789473685,255.0,2,1
2022-02-08,153.83333333333334,13.68,61.37,1.33,151.20833333333334,321.8181818181818,2,1
2022-02-09,180.45833333333334,14.17,58.45,1.42,153.83333333333334,160.27272727272728,2,1
2022-02-10,163.38095238095238,12.83,63.17,1.6,180.45833333333334,133.45833333333334,2,1
2022-02-11,137.20833333333334,12.17,61.36,1.85,163.38095238095238,225.27272727272728,2,1
2022-02-12,184.04166666666666,14.36,52.78,1.17,137.20833333333334,203.75,2,1
2022-02-13,127.45833333333333,14.76,55.02,1.09,184.04166666666666,170.26315789473685,2,1
2022-02-14,193.75,15.05,57.84,0.94,127.45833333333333,151.20833333333334,2,1
2022-02-15,230.66666666666666,15.74,59.63,0.72,193.75,153.83333333333334,2,1
2022-02-16,331.6666666666667,15.79,65.74,1.07,230.66666666666666,180.45833333333334,2,1
2022-02-17,321.625,16.45,60.17,0.92,331.6666666666667,163.38095238095238,2,1
2022-02-18,127.29166666666667,15.73,61.28,1.21,321.625,137.20833333333334,2,1
2022-02-19,134.83333333333334,15.67,59.18,1.52,127.29166666666667,184.04166666666666,2,1
2022-02-20,106.29166666666667,15.15,59.47,2.05,134.83333333333334,127.45833333333333,2,1
2022-02-21,136.75,16.18,45.7,0.96,106.29166666666667,193.75,2,1
2022-02-22,83.625,17.06,52.23,3.87,136.75,230.66666666666666,2,1
2022-02-23,95.18181818181819,16.0,69.79,1.41,83.625,331.6666666666667,2,1
2022-02-24,157.29166666666666,16.63,66.77,1.28,95.18181818181819,321.625,2,1
2022-02-25,54.25,16.71,69.19,1.53,157.29166666666666,127.29166666666667,2,1
2022-02-27,53.5625,14.22,70.68,1.67,54.25,134.83333333333334,2,1
2022-02-28,52.875,13.89,63.95,1.7,53.5625,106.29166666666667,2,1
2022-03-01,52.1875,17.4,57.68,1.31,52.875,136.75,3,0
2022-03-02,51.5,17.56,60.72,1.17,52.1875,83.625,3,0
2022-03-03,50.8125,16.07,78.52,1.65,51.5,95.18181818181819,3,0
2022-03-04,50.125,15.86,72.58,1.87,50.8125,157.29166666666666,3,0
2022-03-05,49.4375,17.2,60.65,1.6,50.125,54.25,3,0
2022-03-06,48.75,19.81,56.1,1.03,49.4375,53.5625,3,0
2022-03-07,48.0625,19.93,59.81,1.67,48.75,52.875,3,0
2022-03-08,47.375,19.22,54.6,1.61,48.0625,52.1875,3,0
2022-03-09,46.6875,20.18,56.17,1.6,47.375,51.5,3,0
2022-03-10,46.0,20.6,59.84,1.99,46.6875,50.8125,3,0
2022-03-11,47.53333333333333,21.83,52.46,1.69,46.0,50.125,3,0
2022-03-12,49.06666666666667,21.83,57.38,1.75,47.53333333333333,49.4375,3,0
2022-03-13,50.6,24.17,56.27,1.55,49.06666666666667,48.75,3,0
2022-03-14,52.13333333333333,26.22,48.4,1.28,50.6,48.0625,3,0
2022-03-15,53.66666666666667,25.95,49.1,1.56,52.13333333333333,47.375,3,0
2022-03-16,55.2,24.86,52.71,2.4,53.66666666666667,46.6875,3,0
2022-03-17,56.733333333333334,26.84,44.21,1.6,55.2,46.0,3,0
2022-03-18,58.26666666666667,26.4,50.8,2.15,56.733333333333334,47.53333333333333,3,0
2022-03-19,59.800000000000004,27.03,52.59,1.44,58.26666666666667,49.06666666666667,3,0
2022-03-20,61.33333333333334,27.87,46.04,0.99,59.800000000000004,50.6,3,0
2022-03-21,62.866666666666674,27.21,47.38,1.5,61.33333333333334,52.13333333333333,3,0
2022-03-22,64.4,25.96,40.82,2.23,62.866666666666674,53.66666666666667,3,0
2022-03-24,69.49629629629631,26.1,35.08,1.39,64.4,55.2,3,0
2022-03-25,74.5925925925926,25.15,43.47,2.14,69.49629629629631,56.733333333333334,3,0
2022-03-26,79.6888888888889,25.0,38.24,2.39,74.5925925925926,58.26666666666667,3,0
2022-03-27,84.78518518518518,27.59,31.08,1.09,79.6888888888889,59.800000000000004,3,0
2022-03-29,89.88148148148149,28.51,26.85,1.15,84.78518518518518,61.33333333333334,3,0
2022-03-30,94.97777777777779,28.79,27.54,1.36,89.88148148148149,62.866666666666674,3,0
2022-03-31,100.07407407407408,27.85,28.17,1.48,94.97777777777779,64.4,3,0
2022-04-01,105.17037037037036,28.19,27.55,1.64,100.07407407407408,69.49629629629631,4,0
2022-04-02,110.26666666666667,28.92,20.3,2.02,105.17037037037036,74.5925925925926,4,0
2022-04-03,115.36296296296297,27.17,25.12,1.53,110.26666666666667,79.6888888888889,4,0
2022-04-04,120.45925925925926,28.23,27.37,2.32,115.36296296296297,84.78518518518518,4,0
2022-04-05,125.55555555555556,29.25,24.61,1.33,120.45925925925926,89.88148148148149,4,0
2022-04-06,207.3181818181818,30.61,22.28,1.58,125.55555555555556,94.97777777777779,4,0
2022-04-07,232.20833333333334,31.44,21.25,1.27,207.3181818181818,100.07407407407408,4,0
2022-04-08,152.70833333333334,31.51,21.88,1.37,232.20833333333334,105.17037037037036,4,0
2022-04-09,206.16666666666666,31.89,22.4,1.41,152.70833333333334,110.26666666666667,4,0
2022-04-10,178.20833333333334,32.0,24.59,1.96,206.16666666666666,115.36296296296297,4,0
2022-04-11,168.015873015873,33.09,23.5,1.25,178.20833333333334,120.45925925925926,4,0
2022-04-12,157.8234126984127,32.33,21.38,2.01,168.015873015873,125.55555555555556,4,0
2022-04-13,147.63095238095238,31.01,24.51,1.34,157.8234126984127,207.3181818181818,4,0
2022-04-14,137.43849206349208,31.71,25.69,1.52,147.63095238095238,232.20833333333334,4,0
2022-04-15,127.24603174603175,30.76,24.3,1.13,137.43849206349208,152.70833333333334,4,0
2022-04-16,117.05357142857143,31.84,21.97,0.95,127.24603174603175,206.16666666666666,4,0
2022-04-17,106.86111111111111,31.76,19.63,1.24,117.05357142857143,178.20833333333334,4,0
2022-04-18,96.6686507936508,33.35,18.98,1.51,106.86111111111111,168.015873015873,4,0
2022-04-19,86.47619047619048,32.95,24.54,1.49,96.6686507936508,157.8234126984127,4,0
2022-04-20,100.375,33.19,25.63,2.45,86.47619047619048,147.63095238095238,4,0
2022-04-21,80.16666666666667,31.27,27.47,2.38,100.375,137.43849206349208,4,0
2022-04-22,99.125,30.41,25.52,2.17,80.16666666666667,127.24603174603175,4,0
2022-04-23,89.66666666666667,30.76,24.41,2.26,99.125,117.05357142857143,4,0
2022-04-24,71.0,31.56,23.55,2.5,89.66666666666667,106.86111111111111,4,0
2022-04-25,93.33333333333333,32.64,23.38,1.96,71.0,96.6686507936508,4,0
2022-04-26,128.5909090909091,33.14,19.06,1.75,93.33333333333333,86.47619047619048,4,0
2022-04-28,123.0,36.68,14.1,1.19,128.5909090909091,100.375,4,0
2022-04-29,124.29166666666667,35.68,15.49,1.49,123.0,80.16666666666667,4,0
2022-04-30,163.08333333333334,36.3,16.77,1.38,124.29166666666667,99.125,4,0
2022-05-01,135.375,36.69,15.9,1.02,163.08333333333334,89.66666666666667,5,0
2022-05-02,122.375,35.4,15.13,2.3,135.375,71.0,5,0
2022-05-03,158.58333333333334,34.5,18.61,1.8,122.375,93.33333333333333,5,0
2022-05-04,123.5,32.75,26.81,2.59,158.58333333333334,128.5909090909091,5,0
2022-05-05,98.04166666666667,32.25,32.94,1.87,123.5,123.0,5,0
2022-05-06,92.70833333333333,33.48,29.02,1.3,98.04166666666667,124.29166666666667,5,0
2022-05-07,99.875,34.87,22.8,1.9,92.70833333333333,163.08333333333334,5,0
2022-05-08,112.70833333333333,36.1,19.78,0.94,99.875,135.375,5,0
2022-05-09,102.125,35.88,21.28,2.76,112.70833333333333,122.375,5,0
2022-05-10,104.04166666666667,35.4,26.27,1.93,102.125,158.58333333333334,5,0
2022-05-11,146.79166666666666,36.41,22.31,1.8,104.04166666666667,123.5,5,0
2022-05-12,162.33333333333334,37.68,16.07,1.29,146.79166666666666,98.04166666666667,5,0
2022-05-13,145.6966666666667,37.31,13.67,2.25,162.33333333333334,92.70833333333333,5,0
2022-05-14,129.06,37.42,10.45,2.96,145.6966666666667,99.875,5,0
2022-05-15,112.42333333333335,38.43,9.5,2.13,129.06,112.70833333333333,5,0
2022-05-16,95.78666666666668,36.46,13.86,2.28,112.42333333333335,102.125,5,0
2022-05-17,79.15,37.66,17.18,1.02,95.78666666666668,104.04166666666667,5,0
2022-05-18,127.66666666666667,36.62,16.93,1.79,79.15,146.79166666666666,5,0
2022-05-19,91.72727272727273,38.3,14.96,1.47,127.66666666666667,162.33333333333334,5,0
2022-05-20,82.0,37.52,15.0,2.28,91.72727272727273,145.6966666666667,5,0
2022-05-21,89.77272727272727,36.29,20.49,2.65,82.0,129.06,5,0
2022-05-22,89.625,36.32,15.31,1.93,89.77272727272727,112.42333333333335,5,0
2022-05-23,37.75,32.34,27.46,5.09,89.625,95.78666666666668,5,0
2022-05-24,39.458333333333336,26.74,50.98,3.72,37.75,79.15,5,0
2022-05-25,80.72727272727273,30.27,42.55,1.23,39.458333333333336,127.66666666666667,5,0
2022-05-26,78.93181818181819,33.93,30.95,1.26,80.72727272727273,91.72727272727273,5,0
2022-05-28,77.13636363636364,37.52,25.69,1.29,78.93181818181819,82.0,5,0
2022-05-29,75.3409090909091,36.7,28.35,1.81,77.13636363636364,89.77272727272727,5,0
2022-05-30,73.54545454545455,35.77,27.3,3.3,75.3409090909091,89.625,5,0
2022-05-31,71.75,36.26,24.16,1.47,73.54545454545455,37.75,5,0
2022-06-01,81.4090909090909,36.45,20.85,1.67,71.75,39.458333333333336,6,0
2022-06-02,102.08333333333333,36.38,14.95,1.88,81.4090909090909,80.72727272727273,6,0
2022-06-03,134.125,37.17,13.05,1.81,102.08333333333333,78.93181818181819,6,0
2022-06-04,135.2608695652174,38.34,10.31,1.23,134.125,77.13636363636364,6,0
2022-06-05,105.91666666666667,38.1,9.93,1.51,135.2608695652174,75.3409090909091,6,0
2022-06-06,198.25,38.26,11.37,2.4,105.91666666666667,73.54545454545455,6,0
2022-06-07,155.94642857142856,38.84,12.44,2.35,198.25,71.75,6,0
2022-06-08,113.64285714285714,38.65,12.83,3.27,155.94642857142856,81.4090909090909,6,0
2022-06-09,113.45833333333333,38.83,14.51,2.38,113.64285714285714,102.08333333333333,6,0
2022-06-10,93.79166666666667,39.25,16.65,1.99,113.45833333333333,134.125,6,0
2022-06-11,95.83333333333333,39.39,16.23,2.33,93.79166666666667,135.2608695652174,6,0
2022-06-12,84.20833333333333,39.5,19.49,2.25,95.83333333333333,105.91666666666667,6,0
2022-06-13,80.5,39.04,20.33,2.16,84.20833333333333,198.25,6,0
2022-06-14,103.95833333333333,39.19,23.42,2.36,80.5,155.94642857142856,6,0
2022-06-15,52.75,39.89,25.92,3.72,103.95833333333333,113.64285714285714,6,0
2022-06-16,56.875,39.21,24.65,2.63,52.75,113.45833333333333,6,0
2022-06-17,39.25,34.41,42.49,1.13,56.875,93.79166666666667,6,0
2022-06-18,42.166666666666664,31.12,57.09,1.63,39.25,95.83333333333333,6,0
2022-06-19,64.875,31.15,51.09,1.09,42.166666666666664,84.20833333333333,6,0
2022-06-20,81.57142857142857,31.84,47.0,1.12,64.875,80.5,6,0
2022-06-21,53.458333333333336,29.06,54.93,2.48,81.57142857142857,103.95833333333333,6,0
2022-06-22,89.79166666666667,29.62,62.33,1.51,53.458333333333336,52.75,6,0
2022-06-23,56.142857142857146,31.05,45.67,2.51,89.79166666666667,56.875,6,0
2022-06-24,83.77272727272727,32.68,37.09,1.51,56.142857142857146,39.25,6,0
2022-06-25,92.79166666666667,35.0,29.31,1.18,83.77272727272727,42.166666666666664,6,0
2022-06-27,91.17391304347827,36.04,36.17,1.01,92.79166666666667,64.875,6,0
2022-06-28,100.04166666666667,37.34,37.13,1.14,91.17391304347827,81.57142857142857,6,0
2022-06-29,83.375,37.9,36.58,1.52,100.04166666666667,53.458333333333336,6,0
2022-06-30,45.8,36.28,43.32,1.99,83.375,89.79166666666667,6,0
2022-07-01,60.68181818181818,30.23,68.97,2.52,45.8,56.142857142857146,7,0
2022-07-02,46.6,33.13,57.74,0.88,60.68181818181818,83.77272727272727,7,0
2022-07-03,49.02,33.51,57.61,1.97,46.6,92.79166666666667,7,0
2022-07-04,51.440000000000005,32.79,59.94,1.35,49.02,91.17391304347827,7,0
2022-07-05,53.86,35.2,53.76,0.69,51.440000000000005,100.04166666666667,7,0
2022-07-06,56.28,34.59,56.41,1.73,53.86,83.375,7,0
2022-07-07,58.7,34.63,55.2,1.02,56.28,45.8,7,0
2022-07-08,66.58333333333333,35.86,51.07,1.12,58.7,60.68181818181818,7,0
2022-07-09,37.958333333333336,35.74,50.07,0.72,66.58333333333333,46.6,7,0
2022-07-10,47.333333333333336,32.45,63.13,1.52,37.958333333333336,49.02,7,0
2022-07-11,56.041666666666664,33.88,54.14,1.71,47.333333333333336,51.440000000000005,7,0
2022-07-12,52.083333333333336,35.18,48.28,0.88,56.041666666666664,53.86,7,0
2022-07-13,41.125,35.04,53.68,1.85,52.083333333333336,56.28,7,0
2022-07-14,30.863636363636363,31.92,66.33,0.97,41.125,58.7,7,0
2022-07-15,33.666666666666664,29.03,80.88,1.89,30.863636363636363,66.58333333333333,7,0
2022-07-16,32.375,31.31,70.47,1.2,33.666666666666664,37.958333333333336,7,0
2022-07-17,55.791666666666664,31.11,70.86,1.59,32.375,47.333333333333336,7,0
2022-07-18,58.416666666666664,32.47,63.59,0.88,55.791666666666664,56.041666666666664,7,0
2022-07-19,53.95652173913044,33.1,65.61,1.69,58.416666666666664,52.083333333333336,7,0
2022-07-20,28.041666666666668,33.13,68.5,2.23,53.95652173913044,41.125,7,0
2022-07-21,17.083333333333332,30.19,79.92,2.29,28.041666666666668,30.863636363636363,7,0
2022-07-22,33.95652173913044,30.14,79.35,1.66,17.083333333333332,33.666666666666664,7,0
2022-07-23,44.04347826086956,29.44,82.64,1.46,33.95652173913044,32.375,7,0
2022-07-24,29.0,28.75,84.17,1.93,44.04347826086956,55.791666666666664,7,0
2022-07-25,36.291666666666664,29.31,78.85,1.51,29.0,58.416666666666664,7,0
2022-07-27,45.63636363636363,30.27,78.18,1.35,36.291666666666664,53.95652173913044,7,0
2022-07-28,47.45454545454545,30.2,77.82,1.76,45.63636363636363,28.041666666666668,7,0
2022-07-29,49.27272727272727,29.31,83.23,1.58,47.45454545454545,17.083333333333332,7,0
2022-07-30,51.090909090909086,29.71,81.34,1.51,49.27272727272727,33.95652173913044,7,0
2022-07-31,52.90909090909091,29.49,84.48,1.83,51.090909090909086,44.04347826086956,7,0
2022-08-01,54.72727272727273,29.17,84.52,1.09,52.90909090909091,29.0,8,0
2022-08-02,56.54545454545455,30.07,79.34,1.25,54.72727272727273,36.291666666666664,8,0
2022-08-03,58.36363636363636,31.74,73.04,1.25,56.54545454545455,45.63636363636363,8,0
2022-08-04,60.18181818181818,30.54,76.76,1.06,58.36363636363636,47.45454545454545,8,0
2022-08-05,62.0,29.29,81.75,1.62,60.18181818181818,49.27272727272727,8,0
2022-08-06,72.54166666666667,29.62,81.94,0.8,62.0,51.090909090909086,8,0
2022-08-07,54.458333333333336,29.78,81.76,1.01,72.54166666666667,52.90909090909091,8,0
2022-08-08,48.583333333333336,29.04,84.27,1.26,54.458333333333336,54.72727272727273,8,0
2022-08-09,45.82608695652174,30.27,81.57,0.82,48.583333333333336,56.54545454545455,8,0
2022-08-10,63.583333333333336,31.29,76.82,0.85,45.82608695652174,58.36363636363636,8,0
2022-08-11,33.166666666666664,28.3,83.9,3.16,63.583333333333336,60.18181818181818,8,0
2022-08-12,41.25,29.39,73.5,1.01,33.166666666666664,62.0,8,0
2022-08-13,32.86363636363637,30.63,77.19,0.81,41.25,72.54166666666667,8,0
2022-08-14,40.44444444444444,30.3,79.15,1.53,32.86363636363637,54.458333333333336,8,0
2022-08-15,43.71178451178451,27.48,89.02,2.24,40.44444444444444,48.583333333333336,8,0
2022-08-16,46.97912457912458,28.54,78.26,1.28,43.71178451178451,45.82608695652174,8,0
2022-08-17,50.246464646464645,28.66,80.33,2.46,46.97912457912458,63.583333333333336,8,0
2022-08-18,53.51380471380471,30.02,77.4,1.01,50.246464646464645,33.166666666666664,8,0
2022-08-19,56.781144781144775,29.64,78.21,2.34,53.51380471380471,41.25,8,0
2022-08-20,60.04848484848485,28.87,79.46,1.98,56.781144781144775,32.86363636363637,8,0
2022-08-21,63.31582491582491,29.83,75.82,1.15,60.04848484848485,40.44444444444444,8,0
2022-08-22,66.58316498316498,30.78,72.84,0.62,63.31582491582491,43.71178451178451,8,0
2022-08-23,69.85050505050505,30.5,77.11,1.08,66.58316498316498,46.97912457912458,8,0
2022-08-24,73.11784511784512,28.76,80.84,3.03,69.85050505050505,50.246464646464645,8,0
2022-08-26,76.38518518518518,29.23,75.26,1.24,73.11784511784512,53.51380471380471,8,0
2022-08-27,79.65252525252525,29.06,78.76,2.18,76.38518518518518,56.781144781144775,8,0
2022-08-28,82.91986531986532,29.24,78.15,2.02,79.65252525252525,60.04848484848485,8,0
2022-08-29,86.18720538720538,28.95,81.24,1.39,82.91986531986532,63.31582491582491,8,0
2022-08-30,89.45454545454545,29.16,80.63,1.47,86.18720538720538,66.58316498316498,8,0
2022-08-31,78.25,29.77,76.12,1.3,89.45454545454545,69.85050505050505,8,0
2022-09-01,59.125,30.38,71.92,1.28,78.25,73.11784511784512,9,0
2022-09-02,40.0,30.06,71.85,1.5,59.125,76.38518518518518,9,0
2022-09-03,45.666666666666664,29.74,73.07,1.55,40.0,79.65252525252525,9,0
2022-09-04,37.91304347826087,29.48,75.33,1.47,45.666666666666664,82.91986531986532,9,0
2022-09-05,37.76470588235294,28.88,76.78,1.55,37.91304347826087,86.18720538720538,9,0
2022-09-06,41.197288792060036,29.06,75.02,0.76,37.76470588235294,89.45454545454545,9,0
2022-09-07,44.62987170176713,29.59,68.79,0.48,41.197288792060036,78.25,9,0
2022-09-08,48.06245461147422,30.1,68.22,0.69,44.62987170176713,59.125,9,0
2022-09-09,51.49503752118132,30.07,69.33,0.99,48.06245461147422,40.0,9,0
2022-09-10,54.92762043088841,30.49,67.73,0.88,51.49503752118132,45.666666666666664,9,0
2022-09-11,58.360203340595504,29.32,72.46,1.0,54.92762043088841,37.91304347826087,9,0
2022-09-12,61.7927862503026,28.5,77.54,0.99,58.360203340595504,37.76470588235294,9,0
2022-09-13,65.22536916000969,29.41,71.41,0.57,61.7927862503026,41.197288792060036,9,0
2022-09-14,68.65795206971679,29.85,71.03,0.83,65.22536916000969,44.62987170176713,9,0
2022-09-15,72.09053497942386,29.28,70.91,1.23,68.65795206971679,48.06245461147422,9,0
2022-09-16,75.52311788913096,28.82,69.67,1.21,72.09053497942386,51.49503752118132,9,0
2022-09-17,78.95570079883805,28.78,70.23,1.53,75.52311788913096,54.92762043088841,9,0
2022-09-18,82.38828370854515,28.63,71.98,1.11,78.95570079883805,58.360203340595504,9,0
2022-09-19,85.82086661825224,29.17,68.52,0.99,82.38828370854515,61.7927862503026,9,0
2022-09-20,89.25344952795933,29.03,69.27,1.03,85.82086661825224,65.22536916000969,9,0
2022-09-21,92.68603243766643,29.58,67.67,1.22,89.25344952795933,68.65795206971679,9,0
2022-09-22,96.11861534737352,29.3,70.17,0.99,92.68603243766643,72.09053497942386,9,0
2022-09-23,99.55119825708061,29.03,71.63,0.84,96.11861534737352,75.52311788913096,9,0
2022-09-25,102.98378116678771,26.51,78.02,1.91,99.55119825708061,78.95570079883805,9,0
2022-09-26,106.4163640764948,27.69,68.7,1.02,102.98378116678771,82.38828370854515,9,0
2022-09-27,109.8489469862019,27.8,66.34,1.02,106.4163640764948,85.82086661825224,9,0
2022-09-28,113.28152989590899,27.8,67.41,0.97,109.8489469862019,89.25344952795933,9,0
2022-09-29,116.71411280561608,27.71,67.55,1.16,113.28152989590899,92.68603243766643,9,0
2022-09-30,120.14669571532318,27.86,65.2,1.13,116.71411280561608,96.11861534737352,9,0
2022-10-01,123.57927862503027,27.76,60.06,1.05,120.14669571532318,99.55119825708061,10,1
2022-10-02,127.01186153473736,27.97,56.72,0.98,123.57927862503027,102.98378116678771,10,1
2022-10-03,130.44444444444446,28.07,58.24,1.22,127.01186153473736,106.4163640764948,10,1
2022-10-04,74.08333333333333,28.18,57.84,1.01,130.44444444444446,109.8489469862019,10,1
2022-10-05,88.25,28.14,55.51,0.94,74.08333333333333,113.28152989590899,10,1
2022-10-06,68.66666666666667,26.67,56.63,1.62,88.25,116.71411280561608,10,1
2022-10-07,121.1304347826087,26.18,63.88,1.17,68.66666666666667,120.14669571532318,10,1
2022-10-08,90.3913043478261,26.05,67.7,1.1,121.1304347826087,123.57927862503027,10,1
2022-10-09,65.58333333333333,26.64,66.67,1.14,90.3913043478261,127.01186153473736,10,1
2022-10-10,62.52173913043478,26.17,69.15,1.17,65.58333333333333,130.44444444444446,10,1
2022-10-11,88.25,25.16,71.74,1.05,62.52173913043478,74.08333333333333,10,1
2022-10-12,110.26086956521739,24.52,69.44,1.07,88.25,88.25,10,1
2022-10-13,105.20833333333333,24.91,65.44,1.19,110.26086956521739,68.66666666666667,10,1
2022-10-14,121.52173913043478,24.8,61.7,1.21,105.20833333333333,121.1304347826087,10,1
2022-10-15,114.6842105263158,25.05,54.79,1.43,121.52173913043478,90.3913043478261,10,1
2022-10-16,131.88815789473685,24.47,54.97,1.11,114.6842105263158,65.58333333333333,10,1
2022-10-17,149.0921052631579,23.95,51.44,1.22,131.88815789473685,62.52173913043478,10,1
2022-10-18,166.29605263157896,24.01,50.13,1.29,149.0921052631579,88.25,10,1
2022-10-19,183.5,23.66,51.92,1.58,166.29605263157896,110.26086956521739,10,1
2022-10-20,78.34782608695652,23.14,58.8,2.62,183.5,105.20833333333333,10,1
2022-10-21,96.22727272727273,22.91,61.26,1.43,78.34782608695652,121.52173913043478,10,1
2022-10-22,129.75,21.91,49.53,1.19,96.22727272727273,114.6842105263158,10,1
2022-10-23,144.69565217391303,22.43,45.69,1.15,129.75,131.88815789473685,10,1
2022-10-25,173.05555555555554,23.67,48.13,1.63,144.69565217391303,149.0921052631579,10,1
2022-10-26,180.46296296296296,23.83,48.82,1.0,173.05555555555554,166.29605263157896,10,1
2022-10-27,187.87037037037035,23.69,48.89,1.09,180.46296296296296,183.5,10,1
2022-10-28,195.27777777777777,24.23,48.33,1.03,187.87037037037035,78.34782608695652,10,1
2022-10-29,202.6851851851852,24.22,40.42,1.04,195.27777777777777,96.22727272727273,10,1
2022-10-30,210.09259259259258,23.47,42.61,1.34,202.6851851851852,129.75,10,1
2022-10-31,217.5,22.55,52.11,1.4,210.09259259259258,144.69565217391303,10,1
2022-11-01,240.25,23.08,53.0,1.73,217.5,173.05555555555554,11,1
2022-11-02,165.0,22.77,57.19,1.73,240.25,180.46296296296296,11,1
2022-11-03,200.375,22.79,57.39,1.35,165.0,187.87037037037035,11,1
2022-11-04,267.5,23.73,53.46,1.17,200.375,195.27777777777777,11,1
2022-11-05,175.0,22.48,66.01,2.35,267.5,202.6851851851852,11,1
2022-11-06,68.66666666666667,21.15,83.99,1.97,175.0,210.09259259259258,11,1
2022-11-07,81.33333333333333,21.78,70.02,1.08,68.66666666666667,217.5,11,1
2022-11-08,116.5,21.99,57.95,1.15,81.33333333333333,240.25,11,1
2022-11-09,151.0,21.17,52.3,0.81,116.5,165.0,11,1
2022-11-10,92.83333333333333,18.32,62.47,1.45,151.0,200.375,11,1
2022-11-11,124.0,18.73,57.65,1.92,92.83333333333333,267.5,11,1
2022-11-12,255.0,18.91,50.79,1.89,124.0,175.0,11,1
2022-11-13,163.5,19.01,48.05,1.28,255.0,68.66666666666667,11,1
2022-11-14,72.0,18.1,72.72,2.1,163.5,81.33333333333333,11,1
2022-11-15,165.0,17.57,70.69,1.61,72.0,116.5,11,1
2022-11-16,182.66666666666666,16.85,68.4,1.64,165.0,151.0,11,1
2022-11-17,102.0,17.26,58.76,2.04,182.66666666666666,92.83333333333333,11,1
2022-11-18,105.0,17.05,51.17,0.89,102.0,124.0,11,1
2022-11-19,12.75,16.98,48.14,1.37,105.0,255.0,11,1
2022-11-20,12.25,16.92,55.31,2.12,12.75,163.5,11,1
2022-11-21,11.0,16.36,56.96,1.59,12.25,72.0,11,1
2022-11-22,9.0,16.16,52.04,1.87,11.0,165.0,11,1
2022-11-24,26.95,17.36,41.62,1.37,9.0,182.66666666666666,11,1
2022-11-25,44.9,18.24,40.03,1.29,26.95,102.0,11,1
2022-11-26,62.849999999999994,17.35,47.57,1.36,44.9,105.0,11,1
2022-11-27,80.8,17.79,44.22,1.0,62.849999999999994,12.75,11,1
2022-11-28,98.75,17.57,45.89,1.0,80.8,12.25,11,1
2022-11-29,116.69999999999999,17.68,47.97,1.12,98.75,11.0,11,1
2022-11-30,134.64999999999998,17.48,48.3,1.27,116.69999999999999,9.0,11,1
2022-12-01,152.6,18.49,43.47,1.1,134.64999999999998,26.95,12,1
2022-12-02,170.54999999999998,18.59,39.76,0.77,152.6,44.9,12,1
2022-12-03,188.5,16.57,47.18,1.02,170.54999999999998,62.849999999999994,12,1
2022-12-04,206.45,16.46,51.11,1.44,188.5,80.8,12,1
2022-12-05,224.39999999999998,17.29,43.78,0.94,206.45,98.75,12,1
2022-12-06,242.35,15.98,46.77,1.85,224.39999999999998,116.69999999999999,12,1
2022-12-07,260.29999999999995,15.38,51.47,1.91,242.35,134.64999999999998,12,1
2022-12-08,278.25,16.45,52.11,0.97,260.29999999999995,152.6,12,1
2022-12-09,234.5,18.72,44.21,0.87,278.25,170.54999999999998,12,1
2022-12-10,222.75,18.94,48.33,1.03,234.5,188.5,12,1
2022-12-11,211.0,17.78,49.77,1.57,222.75,206.45,12,1
2022-12-12,199.25,16.18,52.13,1.56,211.0,224.39999999999998,12,1
2022-12-13,187.5,15.76,51.93,2.52,199.25,242.35,12,1
2022-12-14,175.75,13.95,50.91,2.2,187.5,260.29999999999995,12,1
2022-12-15,164.0,13.9,45.26,1.84,175.75,278.25,12,1
2022-12-16,127.75,15.46,37.07,1.11,164.0,234.5,12,1
2022-12-17,201.4,16.56,34.51,1.23,127.75,222.75,12,1
2022-12-18,338.6666666666667,16.47,39.24,0.93,201.4,211.0,12,1
2022-12-19,337.25,15.8,41.36,0.99,338.6666666666667,199.25,12,1
2022-12-20,333.5,14.94,44.15,1.19,337.25,187.5,12,1
2022-12-21,362.0,13.8,48.63,1.29,333.5,175.75,12,1
2022-12-22,441.0,13.38,46.85,1.24,362.0,164.0,12,1
2022-12-24,174.33333333333334,10.64,41.58,1.79,441.0,127.75,12,1
2022-12-25,191.75,10.67,47.29,1.51,174.33333333333334,201.4,12,1
2022-12-26,439.0,11.18,48.0,1.41,191.75,338.6666666666667,12,1
2022-12-27,293.3333333333333,11.31,50.73,1.96,439.0,337.25,12,1
2022-12-28,491.0,12.83,46.05,1.74,293.3333333333333,333.5,12,1
2022-12-29,273.25,15.56,61.95,1.14,491.0,362.0,12,1
2022-12-30,149.0,13.89,71.26,1.58,273.25,441.0,12,1
2022-12-31,178.33333333333334,11.84,66.69,1.86,149.0,174.33333333333334,12,1
2023-01-01,264.0,11.95,51.44,1.05,178.33333333333334,191.75,1,1
2023-01-02,231.2,12.25,40.31,0.99,264.0,439.0,1,1
2023-01-03,330.125,11.41,39.18,1.43,231.2,293.3333333333333,1,1
2023-01-04,445.5416666666667,10.18,43.61,1.53,330.125,491.0,1,1
2023-01-05,395.875,10.64,37.98,1.48,445.5416666666667,273.25,1,1
2023-01-06,355.0,10.92,31.99,1.04,395.875,149.0,1,1
2023-01-07,357.625,12.08,39.4,1.79,355.0,178.33333333333334,1,1
2023-01-08,258.4166666666667,11.37,50.33,1.55,357.625,264.0,1,1
2023-01-09,338.0,11.16,67.1,1.41,258.4166666666667,231.2,1,1
2023-01-10,386.6666666666667,12.97,63.66,1.51,338.0,330.125,1,1
2023-01-11,288.8888888888889,14.23,63.55,1.14,386.6666666666667,445.5416666666667,1,1
2023-01-16,158.125,8.9,44.46,1.59,288.8888888888889,395.875,1,1
2023-01-17,179.6086956521739,9.22,41.22,1.69,158.125,355.0,1,1
2023-01-18,196.17391304347825,10.16,43.47,1.2,179.6086956521739,357.625,1,1
2023-01-19,127.5,12.72,38.23,0.91,196.17391304347825,258.4166666666667,1,1
2023-01-20,137.125,10.19,74.24,1.69,127.5,338.0,1,1
2023-01-21,150.125,10.83,68.92,1.18,137.125,386.6666666666667,1,1
2023-01-23,90.0,11.63,54.23,1.88,150.125,288.8888888888889,1,1
2023-01-24,151.5,12.71,63.51,0.99,90.0,158.125,1,1
2023-01-25,146.4313725490196,11.82,61.33,1.12,151.5,179.6086956521739,1,1
2023-01-26,141.3627450980392,11.28,60.28,1.27,146.4313725490196,196.17391304347825,1,1
2023-01-27,136.2941176470588,11.28,52.61,1.62,141.3627450980392,127.5,1,1
2023-01-28,209.65217391304347,12.74,43.81,1.38,136.2941176470588,137.125,1,1
2023-01-29,160.20833333333334,11.44,55.88,2.51,209.65217391304347,150.125,1,1
2023-01-30,89.25,13.72,79.93,2.84,160.20833333333334,90.0,1,1
2023-01-31,100.43478260869566,13.31,72.78,1.35,89.25,151.5,1,1
2023-02-01,106.52173913043478,12.84,60.69,2.08,100.43478260869566,146.4313725490196,2,1
2023-02-14,130.54166666666666,16.74,34.82,1.52,106.52173913043478,141.3627450980392,2,1
2023-02-15,153.33333333333334,18.84,42.08,2.1,130.54166666666666,136.2941176470588,2,1
2023-03-19,102.79166666666667,19.7,67.35,0.8,153.33333333333334,209.65217391304347,3,0
2023-03-20,97.8125,21.02,61.58,1.05,102.79166666666667,160.20833333333334,3,0
2023-03-21,68.25,20.98,62.23,0.84,97.8125,89.25,3,0
2023-03-22,58.208333333333336,22.13,49.33,0.9,68.25,100.43478260869566,3,0
2023-03-24,31.52173913043478,20.27,70.25,1.67,58.208333333333336,106.52173913043478,3,0
2023-03-25,63.083333333333336,19.47,72.23,1.75,31.52173913043478,130.54166666666666,3,0
2023-03-26,63.75,19.75,58.26,1.19,63.083333333333336,153.33333333333334,3,0
2023-03-27,67.54166666666667,21.43,44.94,1.02,63.75,102.79166666666667,3,0
2023-03-28,115.29166666666667,22.88,43.03,1.22,67.54166666666667,97.8125,3,0
2023-03-29,148.04166666666666,23.32,47.99,1.21,115.29166666666667,68.25,3,0
2023-03-30,50.142857142857146,24.42,52.01,2.26,148.04166666666666,58.208333333333336,3,0
2023-03-31,30.045454545454547,19.71,77.91,1.37,50.142857142857146,31.52173913043478,3,0
2023-04-01,66.04347826086956,19.69,75.87,0.8,30.045454545454547,63.083333333333336,4,0
2023-04-02,63.5,21.29,65.09,1.07,66.04347826086956,63.75,4,0
2023-04-03,47.833333333333336,21.9,63.32,0.86,63.5,67.54166666666667,4,0
2023-04-04,82.375,21.7,62.56,1.34,47.833333333333336,115.29166666666667,4,0
2023-04-05,59.916666666666664,23.03,51.37,1.29,82.375,148.04166666666666,4,0
2023-04-06,60.041666666666664,23.5,50.33,1.5,59.916666666666664,50.142857142857146,4,0
2023-04-07,67.45833333333333,23.44,42.8,1.44,60.041666666666664,30.045454545454547,4,0
2023-04-08,93.41666666666667,25.3,36.96,1.2,67.45833333333333,66.04347826086956,4,0
2023-04-09,104.54166666666667,27.31,28.79,0.81,93.41666666666667,63.5,4,0
2023-04-10,99.83333333333333,27.26,32.89,1.44,104.54166666666667,47.833333333333336,4,0
2023-04-11,123.25,28.91,32.51,1.43,99.83333333333333,82.375,4,0
2023-04-12,73.91666666666667,28.67,36.86,1.68,123.25,59.916666666666664,4,0
2023-04-13,68.70833333333333,28.09,38.27,2.0,73.91666666666667,60.041666666666664,4,0
2023-04-14,99.5,30.52,30.94,1.3,68.70833333333333,67.45833333333333,4,0
2023-04-15,75.5,31.76,24.82,1.07,99.5,93.41666666666667,4,0
2023-04-16,54.666666666666664,30.54,30.5,1.57,75.5,104.54166666666667,4,0
2023-04-17,53.36752136752136,30.17,37.97,1.24,54.666666666666664,99.83333333333333,4,0
2023-04-18,52.06837606837607,28.84,44.11,1.85,53.36752136752136,123.25,4,0
2023-04-19,50.76923076923077,25.17,58.95,1.67,52.06837606837607,73.91666666666667,4,0
2023-04-20,23.041666666666668,26.06,54.46,1.61,50.76923076923077,68.70833333333333,4,0
2023-04-21,21.75,25.22,50.84,1.51,23.041666666666668,99.5,4,0
2023-04-23,33.041666666666664,26.41,33.92,1.1,21.75,75.5,4,0
2023-04-24,42.64705882352941,27.54,31.29,1.01,33.041666666666664,54.666666666666664,4,0
2023-04-26,47.30434782608695,29.5,33.39,1.19,42.64705882352941,53.36752136752136,4,0
2023-04-27,49.27272727272727,26.98,47.21,1.88,47.30434782608695,52.06837606837607,4,0
2023-04-28,49.291666666666664,27.58,50.08,1.51,49.27272727272727,50.76923076923077,4,0
2023-04-29,49.75,26.74,52.47,2.03,49.291666666666664,23.041666666666668,4,0
2023-04-30,44.666666666666664,25.55,58.77,0.92,49.75,21.75,4,0
2023-05-01,30.916666666666668,24.62,60.58,2.08,44.666666666666664,33.041666666666664,5,0
2023-05-02,48.625,23.15,68.63,1.21,30.916666666666668,42.64705882352941,5,0
2023-05-03,46.833333333333336,24.03,64.85,1.35,48.625,47.30434782608695,5,0
2023-05-04,39.083333333333336,25.95,54.53,1.11,46.833333333333336,49.27272727272727,5,0
2023-05-05,72.70833333333333,27.14,52.01,1.37,39.083333333333336,49.291666666666664,5,0
2023-05-06,50.375,28.75,44.37,1.3,72.70833333333333,49.75,5,0
2023-05-07,36.25,28.69,40.44,2.15,50.375,44.666666666666664,5,0
2023-05-08,62.375,27.49,38.53,2.1,36.25,30.916666666666668,5,0
2023-05-09,79.66666666666667,27.54,31.8,2.14,62.375,48.625,5,0
2023-05-10,90.70833333333333,27.99,28.52,3.02,79.66666666666667,46.833333333333336,5,0
2023-05-11,165.85714285714286,30.43,25.85,2.29,90.70833333333333,39.083333333333336,5,0
2023-05-12,187.45833333333334,31.84,25.98,1.33,165.85714285714286,72.70833333333333,5,0
2023-05-13,64.75,33.44,25.29,1.1,187.45833333333334,50.375,5,0
2023-05-14,81.375,32.16,32.06,1.84,64.75,36.25,5,0
2023-05-15,94.16666666666667,33.34,29.23,1.25,81.375,62.375,5,0
2023-05-16,137.66666666666666,33.44,29.67,1.77,94.16666666666667,79.66666666666667,5,0
2023-05-17,67.08333333333333,33.52,33.57,1.79,137.66666666666666,90.70833333333333,5,0
2023-05-18,100.55,30.84,38.57,2.6,67.08333333333333,165.85714285714286,5,0
2023-05-19,63.625,31.88,32.14,2.75,100.55,187.45833333333334,5,0
2023-05-20,115.91666666666667,33.44,23.06,2.37,63.625,64.75,5,0
2023-05-21,127.83333333333333,36.53,17.51,1.46,115.91666666666667,81.375,5,0
2023-05-22,101.16666666666667,37.5,20.46,1.75,127.83333333333333,94.16666666666667,5,0
2023-05-23,76.16666666666667,36.39,26.58,2.18,101.16666666666667,137.66666666666666,5,0
2023-05-24,32.541666666666664,33.66,39.94,3.34,76.16666666666667,67.08333333333333,5,0
2023-05-25,23.82608695652174,31.07,47.52,1.89,32.541666666666664,100.55,5,0
2023-05-26,60.416666666666664,30.9,43.26,2.4,23.82608695652174,63.625,5,0
2023-05-27,45.708333333333336,30.31,47.05,1.76,60.416666666666664,115.91666666666667,5,0
2023-05-28,35.875,30.63,39.81,1.25,45.708333333333336,127.83333333333333,5,0
2023-05-29,39.0,28.17,49.37,2.08,35.875,101.16666666666667,5,0
2023-05-30,43.583333333333336,27.39,56.27,2.56,39.0,76.16666666666667,5,0
2023-05-31,33.791666666666664,24.33,73.17,1.45,43.583333333333336,32.541666666666664,5,0
2023-06-01,50.0,24.2,70.21,1.56,33.791666666666664,23.82608695652174,6,0
2023-06-02,87.79166666666667,26.86,54.85,1.08,50.0,60.416666666666664,6,0
2023-06-03,70.70833333333333,30.74,39.76,0.87,87.79166666666667,45.708333333333336,6,0
2023-06-04,43.0,32.45,37.95,1.35,70.70833333333333,35.875,6,0
2023-06-05,47.0,33.06,38.52,2.53,43.0,39.0,6,0
2023-06-06,40.208333333333336,33.06,43.79,1.05,47.0,43.583333333333336,6,0
2023-06-07,102.0,30.21,53.6,2.04,40.208333333333336,33.791666666666664,6,0
2023-06-08,123.83333333333333,32.86,44.34,1.37,102.0,50.0,6,0
2023-06-09,89.41666666666667,35.45,37.85,1.53,123.83333333333333,87.79166666666667,6,0
2023-06-10,63.958333333333336,36.58,40.7,1.55,89.41666666666667,70.70833333333333,6,0
2023-06-11,50.208333333333336,34.77,44.54,1.56,63.958333333333336,43.0,6,0
2023-06-12,60.791666666666664,35.45,39.39,1.7,50.208333333333336,47.0,6,0
2023-06-13,48.583333333333336,37.1,37.89,3.18,60.791666666666664,40.208333333333336,6,0
2023-06-14,36.833333333333336,36.1,39.72,3.38,48.583333333333336,102.0,6,0
2023-06-15,30.833333333333332,31.39,61.84,1.65,36.833333333333336,123.83333333333333,6,0
2023-06-16,66.83333333333333,32.9,55.06,1.58,30.833333333333332,89.41666666666667,6,0
2023-06-17,53.47826086956522,34.85,46.49,1.09,66.83333333333333,63.958333333333336,6,0
2023-06-18,81.58333333333333,35.01,47.18,1.75,53.47826086956522,50.208333333333336,6,0
2023-06-19,60.583333333333336,35.13,48.05,1.44,81.58333333333333,60.791666666666664,6,0
2023-06-20,69.6086956521739,36.82,43.63,1.26,60.583333333333336,48.583333333333336,6,0
2023-06-21,59.08695652173913,37.72,42.47,1.11,69.6086956521739,36.833333333333336,6,0
2023-06-22,57.208333333333336,37.95,41.91,1.79,59.08695652173913,30.833333333333332,6,0
2023-06-23,52.541666666666664,38.42,38.42,2.24,57.208333333333336,66.83333333333333,6,0
2023-06-24,55.125,38.44,40.14,1.71,52.541666666666664,53.47826086956522,6,0
2023-06-25,33.666666666666664,37.5,43.11,2.08,55.125,81.58333333333333,6,0
2023-06-26,47.5,29.02,84.03,2.87,33.666666666666664,60.583333333333336,6,0
2023-06-27,42.608695652173914,31.22,69.81,0.85,47.5,69.6086956521739,6,0
2023-06-28,33.708333333333336,31.94,67.05,1.19,42.608695652173914,59.08695652173913,6,0
2023-06-29,33.083333333333336,32.89,63.95,0.84,33.708333333333336,57.208333333333336,6,0
2023-06-30,24.904761904761905,33.4,58.79,0.94,33.083333333333336,52.541666666666664,6,0
2023-07-01,40.40909090909091,32.41,61.39,1.13,24.904761904761905,55.125,7,0
2023-07-02,37.458333333333336,33.6,61.99,1.83,40.40909090909091,33.666666666666664,7,0
2023-07-03,31.09090909090909,33.83,62.3,1.34,37.458333333333336,47.5,7,0
2023-07-04,32.583333333333336,34.12,57.87,2.26,31.09090909090909,42.608695652173914,7,0
2023-07-05,2.0,30.39,79.45,2.65,32.583333333333336,33.708333333333336,7,0
2023-07-06,5.125,29.94,76.64,1.59,2.0,33.083333333333336,7,0
2023-07-07,8.25,28.98,83.18,1.96,5.125,24.904761904761905,7,0
2023-07-08,11.375,28.29,86.27,2.52,8.25,40.40909090909091,7,0
2023-07-09,14.5,28.15,83.6,1.62,11.375,37.458333333333336,7,0
2023-07-10,17.625,29.72,81.0,1.22,14.5,31.09090909090909,7,0
2023-07-11,20.75,30.73,74.05,0.9,17.625,32.583333333333336,7,0
2023-07-12,23.875,30.94,72.45,1.29,20.75,2.0,7,0
2023-07-13,27.0,30.64,76.66,1.44,23.875,5.125,7,0
2023-07-14,40.8,30.35,77.11,1.54,27.0,8.25,7,0
2023-07-15,58.52173913043478,30.63,75.5,0.99,40.8,11.375,7,0
2023-07-16,63.166666666666664,30.56,80.61,1.52,58.52173913043478,14.5,7,0
2023-07-17,69.33333333333333,30.84,79.43,1.12,63.166666666666664,17.625,7,0
2023-07-18,39.375,30.75,79.03,1.88,69.33333333333333,20.75,7,0
2023-07-19,50.708333333333336,28.79,90.04,3.13,39.375,23.875,7,0
2023-07-20,58.666666666666664,29.32,84.6,1.58,50.708333333333336,27.0,7,0
2023-07-21,41.833333333333336,30.15,84.71,1.61,58.666666666666664,40.8,7,0
2023-07-22,41.958333333333336,28.06,91.03,2.8,41.833333333333336,58.52173913043478,7,0
2023-07-23,32.416666666666664,29.91,73.26,1.14,41.958333333333336,63.166666666666664,7,0
2023-07-24,40.333333333333336,30.59,72.9,0.97,32.416666666666664,69.33333333333333,7,0
2023-07-25,67.91666666666667,29.23,82.47,1.4,40.333333333333336,39.375,7,0
2023-07-26,41.458333333333336,28.38,85.88,1.68,67.91666666666667,50.708333333333336,7,0
2023-07-27,27.791666666666668,29.14,86.33,1.8,41.458333333333336,58.666666666666664,7,0
2023-07-28,36.833333333333336,29.6,82.54,1.46,27.791666666666668,41.833333333333336,7,0
2023-07-29,24.208333333333332,29.38,83.99,1.48,36.833333333333336,41.958333333333336,7,0
2023-07-30,42.041666666666664,30.24,78.92,1.06,24.208333333333332,32.416666666666664,7,0
2023-07-31,36.0,31.28,71.75,0.91,42.041666666666664,40.333333333333336,7,0
2023-08-01,49.416666666666664,31.64,72.79,1.22,36.0,67.91666666666667,8,0
2023-08-02,46.791666666666664,31.54,77.45,1.44,49.416666666666664,41.458333333333336,8,0
2023-08-03,40.208333333333336,31.11,79.27,1.63,46.791666666666664,27.791666666666668,8,0
2023-08-04,33.958333333333336,31.19,78.0,1.5,40.208333333333336,36.833333333333336,8,0
2023-08-05,44.416666666666664,30.68,78.65,1.6,33.958333333333336,24.208333333333332,8,0
2023-08-06,34.25,31.16,78.29,1.62,44.416666666666664,42.041666666666664,8,0
2023-08-07,44.791666666666664,31.2,76.89,1.7,34.25,36.0,8,0
2023-08-08,48.083333333333336,31.28,76.81,1.49,44.791666666666664,49.416666666666664,8,0
2023-08-09,48.291666666666664,30.97,78.5,1.88,48.083333333333336,46.791666666666664,8,0
2023-08-10,52.75,30.11,78.82,2.0,48.291666666666664,40.208333333333336,8,0
2023-08-11,43.791666666666664,29.9,78.96,1.62,52.75,33.958333333333336,8,0
2023-08-12,37.083333333333336,30.52,74.91,1.87,43.791666666666664,44.416666666666664,8,0
2023-08-13,35.833333333333336,30.63,75.62,2.2,37.083333333333336,34.25,8,0
2023-08-14,30.5,29.57,79.78,2.4,35.833333333333336,44.791666666666664,8,0
2023-08-15,35.875,29.7,77.75,1.58,30.5,48.083333333333336,8,0
2023-08-16,44.625,30.24,76.2,1.32,35.875,48.291666666666664,8,0
2023-08-17,46.875,30.96,73.64,1.24,44.625,52.75,8,0
2023-08-18,54.875,30.79,73.01,1.25,46.875,43.791666666666664,8,0
2023-08-19,50.708333333333336,30.08,78.35,1.31,54.875,37.083333333333336,8,0
2023-08-20,60.041666666666664,31.1,75.63,0.56,50.708333333333336,35.833333333333336,8,0
2023-08-21,52.166666666666664,30.92,74.35,0.89,60.041666666666664,30.5,8,0
2023-08-22,41.125,31.86,71.21,1.39,52.166666666666664,35.875,8,0
2023-08-23,33.25,31.79,68.13,1.81,41.125,44.625,8,0
2023-08-24,40.21052631578947,30.14,74.33,1.41,33.25,46.875,8,0
2023-08-25,33.125,30.05,70.38,1.33,40.21052631578947,54.875,8,0
2023-08-26,45.625,29.5,73.03,1.07,33.125,50.708333333333336,8,0
2023-08-27,61.458333333333336,30.12,70.94,0.94,45.625,60.041666666666664,8,0
2023-08-28,42.416666666666664,30.07,71.75,1.08,61.458333333333336,52.166666666666664,8,0
2023-08-29,41.125,29.16,74.18,1.2,42.416666666666664,41.125,8,0
2023-08-30,57.125,29.82,69.69,1.13,41.125,33.25,8,0
2023-08-31,47.708333333333336,29.92,67.8,1.15,57.125,40.21052631578947,8,0
2023-09-01,42.416666666666664,30.34,64.2,1.22,47.708333333333336,33.125,9,0
2023-09-02,42.333333333333336,29.54,62.4,1.45,42.416666666666664,45.625,9,0
2023-09-03,43.5,29.72,63.33,1.17,42.333333333333336,61.458333333333336,9,0
2023-09-04,42.958333333333336,30.41,63.05,0.99,43.5,42.416666666666664,9,0
2023-09-05,51.78260869565217,29.69,63.59,1.07,42.958333333333336,41.125,9,0
2023-09-06,81.5,29.98,65.38,0.98,51.78260869565217,57.125,9,0
2023-09-07,63.583333333333336,30.09,67.21,1.0,81.5,47.708333333333336,9,0
2023-09-08,76.45833333333333,29.8,70.89,1.55,63.583333333333336,42.416666666666664,9,0
2023-09-09,50.041666666666664,29.85,67.76,1.42,76.45833333333333,42.333333333333336,9,0
2023-09-10,29.666666666666668,29.97,69.34,1.74,50.041666666666664,43.5,9,0
2023-09-11,26.583333333333332,30.32,69.93,1.47,29.666666666666668,42.958333333333336,9,0
2023-09-12,48.708333333333336,31.25,64.64,1.32,26.583333333333332,51.78260869565217,9,0
2023-09-13,65.5,30.93,66.26,1.45,48.708333333333336,81.5,9,0
2023-09-14,66.45833333333333,30.81,69.55,1.52,65.5,63.583333333333336,9,0
2023-09-15,36.625,30.71,71.39,1.66,66.45833333333333,76.45833333333333,9,0
2023-09-16,46.208333333333336,29.9,74.01,1.74,36.625,50.041666666666664,9,0
2023-09-17,27.375,28.98,77.21,1.58,46.208333333333336,29.666666666666668,9,0
2023-09-18,30.875,27.89,83.91,1.92,27.375,26.583333333333332,9,0
2023-09-19,33.291666666666664,28.2,81.37,1.55,30.875,48.708333333333336,9,0
2023-09-20,84.26315789473684,29.04,76.5,0.61,33.291666666666664,65.5,9,0
2023-09-21,89.0,29.12,76.44,0.79,84.26315789473684,66.45833333333333,9,0
2023-09-22,62.875,29.08,78.04,1.4,89.0,36.625,9,0
2023-09-23,31.75,28.16,82.28,1.63,62.875,46.208333333333336,9,0
2023-09-24,43.0,27.54,80.38,1.47,31.75,27.375,9,0
2023-09-25,53.541666666666664,26.82,78.8,1.44,43.0,30.875,9,0
2023-09-26,68.75,26.95,73.95,0.97,53.541666666666664,33.291666666666664,9,0
2023-09-27,63.857142857142854,26.88,65.81,0.92,68.75,84.26315789473684,9,0
2023-09-28,64.0,26.47,66.97,0.9,63.857142857142854,89.0,9,0
2023-09-29,74.20833333333333,26.22,65.65,1.14,64.0,62.875,9,0
2023-09-30,57.916666666666664,25.68,62.54,1.23,74.20833333333333,31.75,9,0
2023-10-01,62.125,26.1,51.95,0.94,57.916666666666664,43.0,10,1
2023-10-02,67.25,25.84,47.85,0.9,62.125,53.541666666666664,10,1
2023-10-03,101.875,25.35,53.39,1.25,67.25,68.75,10,1
2023-10-04,97.58333333333333,25.93,55.59,1.11,101.875,63.857142857142854,10,1
2023-10-05,88.875,26.21,53.06,1.14,97.58333333333333,64.0,10,1
2023-10-06,104.04166666666667,24.69,59.0,1.19,88.875,74.20833333333333,10,1
2023-10-07,64.625,25.14,62.3,1.43,104.04166666666667,57.916666666666664,10,1
2023-10-08,73.25,26.35,67.71,1.17,64.625,62.125,10,1
2023-10-09,70.70833333333333,26.64,73.05,1.24,73.25,67.25,10,1
2023-10-10,41.375,24.96,75.77,1.35,70.70833333333333,101.875,10,1
2023-10-11,86.20833333333333,24.95,60.95,1.25,41.375,97.58333333333333,10,1
2023-10-12,124.08333333333333,23.85,61.56,1.11,86.20833333333333,88.875,10,1
2023-10-13,91.625,23.92,65.8,1.46,124.08333333333333,104.04166666666667,10,1
2023-10-14,69.83333333333333,23.97,71.79,1.5,91.625,64.625,10,1
2023-10-15,36.583333333333336,23.1,72.5,1.04,69.83333333333333,73.25,10,1
2023-10-16,38.708333333333336,22.1,79.78,1.09,36.583333333333336,70.70833333333333,10,1
2023-10-17,22.958333333333332,20.53,84.23,1.27,38.708333333333336,41.375,10,1
2023-10-18,62.36363636363637,20.19,74.31,1.43,22.958333333333332,86.20833333333333,10,1
2023-10-19,113.5,21.15,63.39,0.91,62.36363636363637,124.08333333333333,10,1
2023-10-20,150.70833333333334,21.29,64.52,0.8,113.5,91.625,10,1
2023-10-21,158.04166666666666,21.87,66.25,0.91,150.70833333333334,69.83333333333333,10,1
2023-10-22,145.5,21.51,72.17,1.1,158.04166666666666,36.583333333333336,10,1
2023-10-23,99.52173913043478,21.74,72.17,1.15,145.5,38.708333333333336,10,1
2023-10-24,153.66666666666666,22.72,65.87,0.8,99.52173913043478,22.958333333333332,10,1
2023-10-25,165.08333333333334,23.03,59.23,0.92,153.66666666666666,62.36363636363637,10,1
2023-10-26,127.5,23.14,54.04,0.99,165.08333333333334,113.5,10,1
2023-10-27,206.52173913043478,22.61,56.72,0.96,127.5,150.70833333333334,10,1
2023-10-28,242.5,22.4,64.62,0.97,206.52173913043478,158.04166666666666,10,1
2023-10-29,339.5833333333333,22.35,69.4,1.0,242.5,145.5,10,1
2023-10-30,284.3333333333333,21.78,73.32,1.15,339.5833333333333,99.52173913043478,10,1
2023-10-31,322.5833333333333,21.64,72.61,0.98,284.3333333333333,153.66666666666666,10,1
2023-11-01,261.60869565217394,22.49,68.77,0.93,322.5833333333333,165.08333333333334,11,1
2023-11-02,282.5416666666667,22.36,70.64,0.79,261.60869565217394,127.5,11,1
2023-11-03,264.875,21.42,75.91,0.87,282.5416666666667,206.52173913043478,11,1
2023-11-04,245.43478260869566,22.11,66.3,0.79,264.875,242.5,11,1
2023-11-05,274.17391304347825,22.08,55.78,0.84,245.43478260869566,339.5833333333333,11,1
2023-11-06,325.0,20.89,62.37,1.08,274.17391304347825,284.3333333333333,11,1
2023-11-07,367.17391304347825,21.24,69.2,0.77,325.0,322.5833333333333,11,1
2023-11-08,309.4583333333333,21.78,68.07,1.02,367.17391304347825,261.60869565217394,11,1
2023-11-09,300.9583333333333,22.06,65.47,0.85,309.4583333333333,282.5416666666667,11,1
2023-11-10,64.29166666666667,17.7,86.96,1.64,300.9583333333333,264.875,11,1
2023-11-11,111.16666666666667,18.46,76.75,1.14,64.29166666666667,245.43478260869566,11,1
2023-11-12,127.83333333333333,19.05,62.67,1.21,111.16666666666667,274.17391304347825,11,1
2023-11-13,218.20833333333334,18.81,56.61,0.92,127.83333333333333,325.0,11,1
2023-11-14,173.5,18.67,57.62,1.16,218.20833333333334,367.17391304347825,11,1
2023-11-15,189.75,18.79,54.21,1.17,173.5,309.4583333333333,11,1
2023-11-16,268.2083333333333,19.52,49.3,0.43,189.75,300.9583333333333,11,1
2023-11-17,220.70833333333334,19.1,54.4,1.17,268.2083333333333,64.29166666666667,11,1
2023-11-18,223.04166666666666,18.48,55.4,0.99,220.70833333333334,111.16666666666667,11,1
2023-11-19,239.625,18.62,56.16,0.83,223.04166666666666,127.83333333333333,11,1
2023-11-20,214.375,17.81,62.16,1.19,239.625,218.20833333333334,11,1
2023-11-21,229.91666666666666,17.19,64.12,1.64,214.375,173.5,11,1
2023-11-22,233.33333333333334,16.81,61.16,1.38,229.91666666666666,189.75,11,1
2023-11-23,409.5416666666667,16.69,60.82,1.37,233.33333333333334,268.2083333333333,11,1
2023-11-24,324.1666666666667,16.9,62.63,1.09,409.5416666666667,220.70833333333334,11,1
2023-11-25,283.8333333333333,16.91,64.26,0.77,324.1666666666667,223.04166666666666,11,1
2023-11-26,290.7916666666667,15.82,73.05,1.0,283.8333333333333,239.625,11,1
2023-11-27,348.4583333333333,15.16,83.08,0.94,290.7916666666667,214.375,11,1
2023-11-28,324.5416666666667,16.86,66.35,0.98,348.4583333333333,229.91666666666666,11,1
2023-11-29,273.3478260869565,18.69,59.64,0.73,324.5416666666667,233.33333333333334,11,1
2023-11-30,99.04166666666667,17.39,75.14,1.1,273.3478260869565,409.5416666666667,11,1
2023-12-01,146.33333333333334,16.67,73.77,1.55,99.04166666666667,324.1666666666667,12,1
2023-12-02,196.0,16.54,64.62,1.13,146.33333333333334,283.8333333333333,12,1
2023-12-03,201.65217391304347,17.48,50.64,0.71,196.0,290.7916666666667,12,1
2023-12-04,235.7826086956522,17.47,54.57,0.72,201.65217391304347,348.4583333333333,12,1
2023-12-05,239.1304347826087,16.26,58.67,1.32,235.7826086956522,324.5416666666667,12,1
2023-12-06,214.47826086956522,15.37,55.75,1.58,239.1304347826087,273.3478260869565,12,1
2023-12-07,222.875,15.4,50.81,1.29,214.47826086956522,99.04166666666667,12,1
2023-12-08,227.29166666666666,15.73,47.83,0.87,222.875,146.33333333333334,12,1
2023-12-09,254.17391304347825,15.76,48.9,0.97,227.29166666666666,196.0,12,1
2023-12-10,188.7826086956522,13.78,54.4,1.91,254.17391304347825,201.65217391304347,12,1
2023-12-11,303.4583333333333,14.45,45.36,0.9,188.7826086956522,235.7826086956522,12,1
2023-12-12,307.8333333333333,12.52,57.25,1.17,303.4583333333333,239.1304347826087,12,1
2023-12-13,272.0416666666667,13.47,56.97,1.01,307.8333333333333,214.47826086956522,12,1
2023-12-14,298.5833333333333,13.18,58.5,1.18,272.0416666666667,222.875,12,1
2023-12-15,371.4347826086956,14.15,54.08,0.68,298.5833333333333,227.29166666666666,12,1
2023-12-16,341.6666666666667,12.37,62.14,1.1,371.4347826086956,254.17391304347825,12,1
2023-12-17,195.1304347826087,12.48,65.54,1.2,341.6666666666667,188.7826086956522,12,1
2023-12-18,202.58333333333334,11.57,65.35,1.93,195.1304347826087,303.4583333333333,12,1
2023-12-19,208.875,11.26,56.02,1.73,202.58333333333334,307.8333333333333,12,1
2023-12-20,231.45833333333334,12.52,46.81,1.48,208.875,272.0416666666667,12,1
2023-12-21,470.8333333333333,13.66,40.96,1.07,231.45833333333334,298.5833333333333,12,1
2023-12-22,465.27272727272725,13.34,43.74,0.89,470.8333333333333,371.4347826086956,12,1
2023-12-23,342.04347826086956,14.47,53.99,1.21,465.27272727272725,341.6666666666667,12,1
2023-12-24,423.04761904761904,13.26,64.25,0.86,342.04347826086956,195.1304347826087,12,1
2023-12-25,281.7916666666667,14.43,57.52,1.16,423.04761904761904,202.58333333333334,12,1
2023-12-26,323.3181818181818,15.95,48.55,0.82,281.7916666666667,208.875,12,1
2023-12-27,401.5416666666667,14.6,53.29,0.95,323.3181818181818,231.45833333333334,12,1
2023-12-28,248.875,13.03,58.14,1.35,401.5416666666667,470.8333333333333,12,1
2023-12-29,258.9166666666667,13.35,56.52,0.78,248.875,465.27272727272725,12,1
2023-12-30,328.1666666666667,12.95,55.49,0.71,258.9166666666667,342.04347826086956,12,1
2023-12-31,243.86363636363637,12.85,52.02,0.45,328.1666666666667,423.04761904761904,12,1
